{
    "$schema": "https://schema.management.azure.com/schemas/2015-01-01/deploymentParameters.json#",
    "contentVersion": "1.0.0.0",
    "parameters": {
        "name": {
            "value": "AI-102-CUSTOM-VISION-2"
        },
        "location": {
            "value": "eastus"
        },
        "trainingSku": {
            "value": "F0"
        },
        "predictionSku": {
            "value": "F0"
        },
        "resourceGroupId": {
            "value": "/subscriptions/e23f6608-d7fe-4998-ab18-d199be2d741b/resourceGroups/AI-DEV-TEST-RESOURCES"
        },
        "resourceGroupName": {
            "value": "AI-DEV-TEST-RESOURCES"
        },
        "tagValues": {
            "value": {}
        },
        "vnet": {
            "value": {}
        },
        "ipRules": {
            "value": []
        },
        "virtualNetworkType": {
            "value": "None"
        },
        "createOption": {
            "value": "Both"
        },
        "privateEndpoints": {
            "value": []
        },
        "privateDnsZone": {
            "value": "privatelink.cognitiveservices.azure.com"
        }
    }
}