{
    "$schema": "http://schema.management.azure.com/schemas/2015-01-01/deploymentTemplate.json#",
    "contentVersion": "1.0.0.0",
    "parameters": {
        "name": {
            "type": "string"
        },
        "location": {
            "type": "string"
        },
        "resourceGroupId": {
            "type": "string"
        },
        "resourceGroupName": {
            "type": "string"
        },
        "trainingSku": {
            "type": "string"
        },
        "predictionSku": {
            "type": "string"
        },
        "tagValues": {
            "type": "object"
        },
        "virtualNetworkType": {
            "type": "string"
        },
        "createOption": {
            "type": "string"
        },
        "vnet": {
            "type": "object"
        },
        "ipRules": {
            "type": "array"
        },
        "privateEndpoints": {
            "type": "array"
        },
        "privateDnsZone": {
            "type": "string"
        }
    },
    "variables": {
        "defaultVNetName": "cvCSDefaultVNet9901",
        "defaultSubnetName": "cvCSDefaultSubnet9901",
        "defaultAddressPrefix": "13.41.6.0/26",
        "trainingResourceName": "[if(equals(parameters('createOption'), 'Both'),if(greater(length(replace(parameters('name'), '-', '')), 53),substring(replace(parameters('name'), '-', ''), 0, 52), replace(parameters('name'), '-', '')), if(greater(length(parameters('name')), 53),substring(parameters('name'), 0, 52), parameters('name')))]",
        "predictionResourceName": "[if(equals(parameters('createOption'), 'Both'), concat(variables('trainingResourceName'), '-Prediction'), variables('trainingResourceName'))]"
    },
    "resources": [
        {
            "type": "Microsoft.Resources/deployments",
            "apiVersion": "2017-05-10",
            "name": "deployVnet",
            "properties": {
                "mode": "Incremental",
                "template": {
                    "$schema": "https://schema.management.azure.com/schemas/2015-01-01/deploymentTemplate.json#",
                    "contentVersion": "1.0.0.0",
                    "parameters": {},
                    "variables": {},
                    "resources": [
                        {
                            "type": "Microsoft.Network/virtualNetworks",
                            "apiVersion": "2020-04-01",
                            "name": "[if(equals(parameters('virtualNetworkType'), 'External'), parameters('vnet').name, variables('defaultVNetName'))]",
                            "location": "[parameters('location')]",
                            "properties": {
                                "addressSpace": {
                                    "addressPrefixes": "[if(equals(parameters('virtualNetworkType'), 'External'), parameters('vnet').addressPrefixes, json(concat('[{\"', variables('defaultAddressPrefix'),'\"}]')))]"
                                },
                                "subnets": [
                                    {
                                        "name": "[if(equals(parameters('virtualNetworkType'), 'External'), parameters('vnet').subnets.subnet.name, variables('defaultSubnetName'))]",
                                        "properties": {
                                            "serviceEndpoints": [
                                                {
                                                    "service": "Microsoft.CognitiveServices",
                                                    "locations": [
                                                        "[parameters('location')]"
                                                    ]
                                                }
                                            ],
                                            "addressPrefix": "[if(equals(parameters('virtualNetworkType'), 'External'), parameters('vnet').subnets.subnet.addressPrefix, variables('defaultAddressPrefix'))]"
                                        }
                                    }
                                ]
                            }
                        }
                    ]
                },
                "parameters": {}
            },
            "condition": "[and(and(not(empty(parameters('vnet'))), equals(parameters('vnet').newOrExisting, 'new')), equals(parameters('virtualNetworkType'), 'External'))]"
        },
        {
            "type": "Microsoft.Resources/deployments",
            "apiVersion": "2017-05-10",
            "name": "deployTrainingResource",
            "properties": {
                "mode": "Incremental",
                "template": {
                    "$schema": "https://schema.management.azure.com/schemas/2015-01-01/deploymentTemplate.json#",
                    "contentVersion": "1.0.0.0",
                    "parameters": {},
                    "variables": {},
                    "resources": [
                        {
                            "apiVersion": "2022-03-01",
                            "name": "[variables('trainingResourceName')]",
                            "location": "[parameters('location')]",
                            "type": "Microsoft.CognitiveServices/accounts",
                            "kind": "CustomVision.Training",
                            "tags": "[if(contains(parameters('tagValues'), 'Microsoft.CognitiveServices/accounts'), parameters('tagValues')['Microsoft.CognitiveServices/accounts'], json('{}'))]",
                            "sku": {
                                "name": "[parameters('trainingSku')]"
                            },
                            "properties": {
                                "customSubDomainName": "[toLower(variables('trainingResourceName'))]",
                                "publicNetworkAccess": "[if(equals(parameters('virtualNetworkType'), 'Internal'), 'Disabled', 'Enabled')]",
                                "networkAcls": {
                                    "defaultAction": "[if(equals(parameters('virtualNetworkType'), 'External'), 'Deny', 'Allow')]",
                                    "virtualNetworkRules": "[if(equals(parameters('virtualNetworkType'), 'External'), json(concat('[{\"id\": \"', concat(subscription().id, '/resourceGroups/', parameters('vnet').resourceGroup, '/providers/Microsoft.Network/virtualNetworks/', parameters('vnet').name, '/subnets/', parameters('vnet').subnets.subnet.name), '\"}]')), json('[]'))]",
                                    "ipRules": "[if(or(empty(parameters('ipRules')), empty(parameters('ipRules')[0].value)), json('[]'), parameters('ipRules'))]"
                                }
                            }
                        }
                    ]
                },
                "parameters": {}
            },
            "dependsOn": [
                "[concat('Microsoft.Resources/deployments/', 'deployVnet')]"
            ],
            "condition": "[not(equals(parameters('createOption'), 'Prediction'))]"
        },
        {
            "type": "Microsoft.Resources/deployments",
            "apiVersion": "2017-05-10",
            "name": "deployPredictionResource",
            "properties": {
                "mode": "Incremental",
                "template": {
                    "$schema": "https://schema.management.azure.com/schemas/2015-01-01/deploymentTemplate.json#",
                    "contentVersion": "1.0.0.0",
                    "parameters": {},
                    "variables": {},
                    "resources": [
                        {
                            "apiVersion": "2022-03-01",
                            "name": "[variables('predictionResourceName')]",
                            "location": "[parameters('location')]",
                            "type": "Microsoft.CognitiveServices/accounts",
                            "kind": "CustomVision.Prediction",
                            "tags": "[if(contains(parameters('tagValues'), 'Microsoft.CognitiveServices/accounts'), parameters('tagValues')['Microsoft.CognitiveServices/accounts'], json('{}'))]",
                            "sku": {
                                "name": "[parameters('predictionSku')]"
                            },
                            "properties": {
                                "customSubDomainName": "[toLower(variables('predictionResourceName'))]",
                                "publicNetworkAccess": "[if(equals(parameters('virtualNetworkType'), 'Internal'), 'Disabled', 'Enabled')]",
                                "networkAcls": {
                                    "defaultAction": "[if(equals(parameters('virtualNetworkType'), 'External'), 'Deny', 'Allow')]",
                                    "virtualNetworkRules": "[if(equals(parameters('virtualNetworkType'), 'External'), json(concat('[{\"id\": \"', concat(subscription().id, '/resourceGroups/', parameters('vnet').resourceGroup, '/providers/Microsoft.Network/virtualNetworks/', parameters('vnet').name, '/subnets/', parameters('vnet').subnets.subnet.name), '\"}]')), json('[]'))]",
                                    "ipRules": "[if(or(empty(parameters('ipRules')), empty(parameters('ipRules')[0].value)), json('[]'), parameters('ipRules'))]"
                                }
                            }
                        }
                    ]
                },
                "parameters": {}
            },
            "dependsOn": [
                "[concat('Microsoft.Resources/deployments/', 'deployVnet')]"
            ],
            "condition": "[not(equals(parameters('createOption'), 'Training'))]"
        },
        {
            "apiVersion": "2017-05-10",
            "name": "[concat('deployPrivateEndpointForTraining-', parameters('privateEndpoints')[copyIndex()].privateEndpoint.name)]",
            "type": "Microsoft.Resources/deployments",
            "resourceGroup": "[parameters('privateEndpoints')[copyIndex()].resourceGroup.value.name]",
            "subscriptionId": "[parameters('privateEndpoints')[copyIndex()].subscription.subscriptionId]",
            "dependsOn": [
                "[concat('Microsoft.Resources/deployments/', 'deployTrainingResource')]"
            ],
            "condition": "[not(equals(parameters('createOption'), 'Prediction'))]",
            "copy": {
                "name": "privateendpointscopy",
                "count": "[length(parameters('privateEndpoints'))]"
            },
            "properties": {
                "mode": "Incremental",
                "template": {
                    "$schema": "https://schema.management.azure.com/schemas/2015-01-01/deploymentTemplate.json#",
                    "contentVersion": "1.0.0.0",
                    "resources": [
                        {
                            "location": "[parameters('location')]",
                            "name": "[parameters('privateEndpoints')[copyIndex()].privateEndpoint.name]",
                            "type": "Microsoft.Network/privateEndpoints",
                            "apiVersion": "2020-03-01",
                            "properties": {
                                "subnet": {
                                    "id": "[parameters('privateEndpoints')[copyIndex()].privateEndpoint.properties.subnet.id]"
                                },
                                "privateLinkServiceConnections": [
                                    {
                                        "name": "[parameters('privateEndpoints')[copyIndex()].privateEndpoint.name]",
                                        "properties": {
                                            "privateLinkServiceId": "[concat(parameters('resourceGroupId'), '/providers/Microsoft.CognitiveServices/accounts/', variables('trainingResourceName'))]",
                                            "groupIds": "[parameters('privateEndpoints')[copyIndex()].privateEndpoint.properties.privateLinkServiceConnections[0].properties.groupIds]"
                                        }
                                    }
                                ]
                            },
                            "tags": {}
                        }
                    ]
                }
            }
        },
        {
            "apiVersion": "2017-05-10",
            "name": "[concat('DnsZoneGroupForTraining-', parameters('privateEndpoints')[copyIndex()].privateEndpoint.name)]",
            "type": "Microsoft.Resources/deployments",
            "resourceGroup": "[parameters('privateEndpoints')[copyIndex()].resourceGroup.value.name]",
            "subscriptionId": "[parameters('privateEndpoints')[copyIndex()].subscription.subscriptionId]",
            "dependsOn": [
                "[concat('Microsoft.Resources/deployments/', concat('deployPrivateEndpointForTraining-', parameters('privateEndpoints')[copyIndex()].privateEndpoint.name))]"
            ],
            "condition": "[not(equals(parameters('createOption'), 'Prediction'))]",
            "copy": {
                "name": "privateendpointdnscopy",
                "count": "[length(parameters('privateEndpoints'))]"
            },
            "properties": {
                "mode": "Incremental",
                "template": {
                    "$schema": "https://schema.management.azure.com/schemas/2015-01-01/deploymentTemplate.json#",
                    "contentVersion": "1.0.0.0",
                    "resources": [
                        {
                            "type": "Microsoft.Network/privateEndpoints/privateDnsZoneGroups",
                            "apiVersion": "2020-03-01",
                            "name": "[concat(parameters('privateEndpoints')[copyIndex()].privateEndpoint.name, '/', 'default')]",
                            "location": "[parameters('location')]",
                            "properties": {
                                "privateDnsZoneConfigs": [
                                    {
                                        "name": "privatelink-cognitiveservices",
                                        "properties": {
                                            "privateDnsZoneId": "[concat(parameters('resourceGroupId'), '/providers/Microsoft.Network/privateDnsZones/', parameters('privateDnsZone'))]"
                                        }
                                    }
                                ]
                            }
                        }
                    ]
                }
            }
        },
        {
            "apiVersion": "2017-05-10",
            "name": "[concat('deployPrivateEndpointForPrediction-', if(equals(parameters('createOption'), 'Both'), concat(parameters('privateEndpoints')[copyIndex()].privateEndpoint.name, '-Prediction'), parameters('privateEndpoints')[copyIndex()].privateEndpoint.name))]",
            "type": "Microsoft.Resources/deployments",
            "resourceGroup": "[parameters('privateEndpoints')[copyIndex()].resourceGroup.value.name]",
            "subscriptionId": "[parameters('privateEndpoints')[copyIndex()].subscription.subscriptionId]",
            "dependsOn": [
                "[concat('Microsoft.Resources/deployments/', 'deployPredictionResource')]"
            ],
            "condition": "[not(equals(parameters('createOption'), 'Training'))]",
            "copy": {
                "name": "privateendpointscopy",
                "count": "[length(parameters('privateEndpoints'))]"
            },
            "properties": {
                "mode": "Incremental",
                "template": {
                    "$schema": "https://schema.management.azure.com/schemas/2015-01-01/deploymentTemplate.json#",
                    "contentVersion": "1.0.0.0",
                    "resources": [
                        {
                            "location": "[parameters('location')]",
                            "name": "[if(equals(parameters('createOption'), 'Both'), concat(parameters('privateEndpoints')[copyIndex()].privateEndpoint.name, '-Prediction'), parameters('privateEndpoints')[copyIndex()].privateEndpoint.name)]",
                            "type": "Microsoft.Network/privateEndpoints",
                            "apiVersion": "2020-03-01",
                            "properties": {
                                "subnet": {
                                    "id": "[parameters('privateEndpoints')[copyIndex()].privateEndpoint.properties.subnet.id]"
                                },
                                "privateLinkServiceConnections": [
                                    {
                                        "name": "[if(equals(parameters('createOption'), 'Both'), concat(parameters('privateEndpoints')[copyIndex()].privateEndpoint.name, '-Prediction'), parameters('privateEndpoints')[copyIndex()].privateEndpoint.name)]",
                                        "properties": {
                                            "privateLinkServiceId": "[if(equals(parameters('createOption'), 'Both'), concat(parameters('resourceGroupId'), '/providers/Microsoft.CognitiveServices/accounts/', variables('trainingResourceName'), '-Prediction'), concat(parameters('resourceGroupId'), '/providers/Microsoft.CognitiveServices/accounts/', variables('trainingResourceName')))]",
                                            "groupIds": "[parameters('privateEndpoints')[copyIndex()].privateEndpoint.properties.privateLinkServiceConnections[0].properties.groupIds]"
                                        }
                                    }
                                ]
                            },
                            "tags": {}
                        }
                    ]
                }
            }
        },
        {
            "apiVersion": "2017-05-10",
            "name": "[concat('DnsZoneGroupForPrediction-', if(equals(parameters('createOption'), 'Both'), concat(parameters('privateEndpoints')[copyIndex()].privateEndpoint.name, '-Prediction'), parameters('privateEndpoints')[copyIndex()].privateEndpoint.name))]",
            "type": "Microsoft.Resources/deployments",
            "resourceGroup": "[parameters('privateEndpoints')[copyIndex()].resourceGroup.value.name]",
            "subscriptionId": "[parameters('privateEndpoints')[copyIndex()].subscription.subscriptionId]",
            "dependsOn": [
                "[concat('Microsoft.Resources/deployments/', concat('deployPrivateEndpointForPrediction-', if(equals(parameters('createOption'), 'Both'), concat(parameters('privateEndpoints')[copyIndex()].privateEndpoint.name, '-Prediction'), parameters('privateEndpoints')[copyIndex()].privateEndpoint.name)))]"
            ],
            "condition": "[not(equals(parameters('createOption'), 'Training'))]",
            "copy": {
                "name": "privateendpointdnscopy",
                "count": "[length(parameters('privateEndpoints'))]"
            },
            "properties": {
                "mode": "Incremental",
                "template": {
                    "$schema": "https://schema.management.azure.com/schemas/2015-01-01/deploymentTemplate.json#",
                    "contentVersion": "1.0.0.0",
                    "resources": [
                        {
                            "type": "Microsoft.Network/privateEndpoints/privateDnsZoneGroups",
                            "apiVersion": "2020-03-01",
                            "name": "[if(equals(parameters('createOption'), 'Both'), concat(parameters('privateEndpoints')[copyIndex()].privateEndpoint.name, '-Prediction/', 'default'), concat(parameters('privateEndpoints')[copyIndex()].privateEndpoint.name, '/default'))]",
                            "location": "[parameters('location')]",
                            "properties": {
                                "privateDnsZoneConfigs": [
                                    {
                                        "name": "privatelink-cognitiveservices",
                                        "properties": {
                                            "privateDnsZoneId": "[concat(parameters('resourceGroupId'), '/providers/Microsoft.Network/privateDnsZones/', parameters('privateDnsZone'))]"
                                        }
                                    }
                                ]
                            }
                        }
                    ]
                }
            }
        }
    ]
}