{
    "$schema": "https://schema.management.azure.com/schemas/2015-01-01/deploymentParameters.json#",
    "contentVersion": "1.0.0.0",
    "parameters": {
        "availabilityZones": {
            "value": []
        },
        "containerName": {
            "value": "ai-102-container-devtest-instance-1"
        },
        "location": {
            "value": "eastus"
        },
        "imageType": {
            "value": "Public"
        },
        "imageName": {
            "value": "mcr.microsoft.com/azure-cognitive-services/textanalytics/language:latest"
        },
        "osType": {
            "value": "Linux"
        },
        "numberCpuCores": {
            "value": "1"
        },
        "memory": {
            "value": "12"
        },
        "restartPolicy": {
            "value": "OnFailure"
        },
        "sku": {
            "value": "Standard"
        },
        "environmentVariable0": {
            "value": null
        },
        "environmentVariable1": {
            "value": null
        },
        "environmentVariable2": {
            "value": "accept"
        },
        "ipAddressType": {
            "value": "Public"
        },
        "ports": {
            "value": [
                {
                    "port": "5000",
                    "protocol": "TCP"
                }
            ]
        },
        "dnsNameLabel": {
            "value": "ai-102-container-devtest-instance-1-dns"
        },
        "autoGeneratedDomainNameLabelScope": {
            "value": "TenantReuse"
        }
    }
}