{
    "$schema": "http://schema.management.azure.com/schemas/2015-01-01/deploymentTemplate.json#",
    "contentVersion": "1.0.0.0",
    "parameters": {
        "serviceName": {
            "type": "string"
        },
        "location": {
            "type": "string"
        },
        "sku": {
            "type": "string"
        },
        "hostingMode": {
            "type": "string"
        }
    },
    "variables": {},
    "resources": [
        {
            "apiVersion": "2021-04-01-Preview",
            "name": "[parameters('serviceName')]",
            "location": "[parameters('location')]",
            "type": "Microsoft.Search/searchServices",
            "sku": {
                "name": "[parameters('sku')]"
            },
            "properties": {
                "replicaCount": 3,
                "partitionCount": 1,
                "hostingMode": "[parameters('hostingMode')]"
            },
            "tags": {},
            "dependsOn": []
        }
    ],
    "outputs": {}
}