{
    "$schema": "https://schema.management.azure.com/schemas/2015-01-01/deploymentParameters.json#",
    "contentVersion": "1.0.0.0",
    "parameters": {
        "name": {
            "value": "ai-102-language-quyestion-answering-1"
        },
        "location": {
            "value": "eastus"
        },
        "sku": {
            "value": "S"
        },
        "resourceGroupName": {
            "value": "AI-DEV-TEST"
        },
        "resourceGroupId": {
            "value": "/subscriptions/893da40f-2230-4424-8a27-13ff0c898ebf/resourceGroups/AI-DEV-TEST"
        },
        "tagValues": {
            "value": {}
        },
        "vnet": {
            "value": {}
        },
        "ipRules": {
            "value": []
        },
        "virtualNetworkType": {
            "value": "None"
        },
        "identity": {
            "value": {
                "type": "SystemAssigned"
            }
        },
        "privateEndpoints": {
            "value": []
        },
        "privateDnsZone": {
            "value": "privatelink.cognitiveservices.azure.com"
        },
        "storageEnabled": {
            "value": false
        },
        "searchEnabled": {
            "value": true
        },
        "azureSearchLocation": {
            "value": "eastus"
        },
        "azureSearchSku": {
            "value": "free"
        },
        "searchHostingMode": {
            "value": "Default"
        },
        "storageResourceName": {
            "value": ""
        },
        "storageLocation": {
            "value": "eastus"
        },
        "storageSkuType": {
            "value": ""
        },
        "storageNewOrExisting": {
            "value": ""
        },
        "storageResourceGroupName": {
            "value": "AI-DEV-TEST"
        },
        "umiId": {
            "value": ""
        },
        "isCommitmentPlanForDisconnectedContainerEnabled": {
            "value": false
        },
        "commitmentPlanForDisconnectedContainer": {
            "value": {
                "current": {},
                "hostingModel": "DisconnectedContainer",
                "planType": "TA",
                "autoRenew": true
            }
        },
        "isCommitmentPlanForSummarizationEnabled": {
            "value": false
        },
        "commitmentPlanForSummarization": {
            "value": {
                "current": {},
                "hostingModel": "DisconnectedContainer",
                "planType": "Summarization",
                "autoRenew": true
            }
        }
    }
}